manifest	ac01c442a3f847a2064feeabc51c29eef7ba9749f5c77caeec4c454994150e68	-
	.prettierignore	100644	2c8e1633f552f3510446f1a235640f38475f9234fbfb1ca7b6b249b5a58c9c44
	eslint.config.js	100644	73831be0ee45a1d26d46de9ec515dd7c0a0d9dd2f0ba662a4022840a25ff1d63
	package.json	100644	2bfb60d3eb83d5e3bf53f5dac37ef8a07654796ef55ac7815dd0d1d1c2b671a9
	src/content-transforms.ts	100644	c8f51741a92f3d04c5530b2b7c80a7fc6f1ffa462df21edb386bd68e490ee4fb
	src/markup-renderer.ts	100644	5fdf8c49971ec191ed9bd818003dd39579ec48fe2089d8d4e9f1738522a93a74
	src/page-renderer/shell.ts	100644	8de3fb03e35a2473e1727a7c7f8a36dcdb404c69d048d9d33e226ca31949d31d
	src/site-builder.ts	100644	7e97c635a2c8865855d947b7a71b1e7cbaa85664c4df5f6a0ab90b105e9605bd
	tests/u1/markup-renderer.test.ts	100644	c726a4273a7fffd7e2be34497e3b463de1991de443a5319a977eb78458135070
	tests/u2/feed.test.ts	100644	045ed3834b48778ba80ed34dca43c3cefb5640b5f92c9688f0eb3c9e13bc5d2b
	tests/u2/fixtures/feed-site/content/posts/hidden-post/index.md	100644	fde419bbbef3bbbae5106aac63cef0a6707670e512eaccd89fe2802304fd9520
	tests/u2/fixtures/feed-site/content/posts/newer-post/index.md	100644	e0edefe895eec61eaf71dbe8197a4f77cb584763ed6875a7f098a394858f1e88
	tests/u2/fixtures/feed-site/content/posts/older-post/index.md	100644	639c72b7129ddb202fee7af892e2876e337697ae245def8aacb140c43b11eaa0
	tests/u2/fixtures/rich-post/content/posts/rich-post/diagram.png	100644	c414cd0e204de974f73753c7e28d7638e7b3691bb8b1a2bab6b25bb7fed7ce77
	tests/u2/fixtures/rich-post/content/posts/rich-post/index.md	100644	a3a8ad1fab7881a579df2610f53d078010757718d8ac7bbea042bc3d62125aaf
	tests/u2/fixtures/unknown-fence/content/posts/typo-fence/index.md	100644	a4023936981005bb66ef48ddb4c77159db0e305e5f746beca33480b15f6c731a
	tests/u2/helpers.ts	100644	5016e6909a1bd5e9561435e2906da0510b95e35ecca43058418cda647543db19
	tests/u2/integration.test.ts	100644	bc5722a6aa021980fffb50362f5bf73a2736b471760952e8a8f8e0ea3e122f5c
	tests/u2/markup-renderer.test.ts	100644	d587c228b08ae015d07ad7da9bd01859d210020038f5d81a36b35a3ede5f54ae
	tests/u2/page-renderer.test.ts	100644	0543f95e8689c9ebb7f4b63c5ec8427f850e7ea158c5dfd6b982a27f05bdd212
