manifest	b2c4f46317dc262a2e87ca0568f567a68a213b53ca53b11e98de0ea678c4da38	-
	src/assets/fonts/LICENSE-source-serif-4.txt	100644	18aabf190848725e2576eefb5c29ba06aac1029d02132252a7f312eac2e50cf3
	src/assets/fonts/source-serif-4-latin.woff2	100644	c1df4596be5029233ed2afbb8b2f6ea20784b3fb1aa5d6b5c6519ccd85eb3dfb
	src/assets/styles/site.css	100644	8cca8b6aa440f819fd9f39d1c710711cdb34f280dae5fc48057755567a9b3945
	src/page-renderer/shell.ts	100644	8de3fb03e35a2473e1727a7c7f8a36dcdb404c69d048d9d33e226ca31949d31d
	src/site-builder.ts	100644	7e97c635a2c8865855d947b7a71b1e7cbaa85664c4df5f6a0ab90b105e9605bd
	tests/u5/head.test.ts	100644	517c4d630b6dc7a187860e40ff0b7d6920e78a3a29afec4d9445b1883bf2800a
	tests/u5/helpers.ts	100644	38fbefaf6fa759f71738878aea3ce9a631b1e352fc7ebaf55cea35473254e677
	tests/u5/integration.test.ts	100644	a535c6480bff0e95b9f12efcb71805481fd8b092b5c9847317c9d577c09ab7f7
	tests/u5/stylesheet.test.ts	100644	2e5ab885441ddbc530e22e89696b79d143bc5da61f822bc7a5cf87ca30b8b4cb
